{
  "MAE_x_raw": 0.12384503395830998,
  "MAE_x_corr": 0.07621563348125239,
  "MAE_y_raw": 0.031858446819534716,
  "MAE_y_corr": 0.031858446819534716,
  "Imp_x(%)": 38.458869580917074,
  "Imp_y(%)": 0.0
}