{"after_quant_in":[[1.0014933347702026,0.50074666738510132,0.60467523336410522,1.0014933347702026,0.50074666738510132,0.3968181312084198,0.75584405660629272,0.50074666738510132,0,0.746396005153656,0.50074666738510132,0.1984090656042099,0.63301938772201538,0,0.3968181312084198,0.62357133626937866,0,0.1984090656042099,0.0472402535378933,1.0014933347702026,0.3968181312084198,0,1.0014933347702026,0.1984090656042099,0.23620125651359558,0.160616859793663]],"after_quant_in_q_int":[[106,53,64,106,53,42,80,53,0,79,53,21,67,0,42,66,0,21,5,106,42,0,106,21,25,17]],"net_0":[[0.053817383944988251,0,0,0.578536868095398,0,0,0,0.41708472371101379,0,0,0,0,0,0.34981298446655273,0.995621621608734,0,0,0,0.33635863661766052,0.040363036096096039,0,0.37672168016433716,0.067271731793880463,0.37672168016433716,0,0,0.60544556379318237,0,0.22872388362884521,1.0763477087020874,0.22872388362884521,0.34981298446655273]],"net_1":[[0.053817383944988251,0,0,0.578536868095398,0,0,0,0.41708472371101379,0,0,0,0,0,0.34981298446655273,0.995621621608734,0,0,0,0.33635863661766052,0.040363036096096039,0,0.37672168016433716,0.067271731793880463,0.37672168016433716,0,0,0.60544556379318237,0,0.22872388362884521,1.0763477087020874,0.22872388362884521,0.34981298446655273]],"net_0_q_int":[[4,0,0,43,0,0,0,31,0,0,0,0,0,26,74,0,0,0,25,3,0,28,5,28,0,0,45,0,17,80,17,26]],"net_2":[[0.058712147176265717,0.039141431450843811,0,0,0.0097853578627109528,0,0.626262903213501,0,0.14678037166595459,0,0,0,0.792613983154297,0.17613643407821655,0.22506323456764221,0]],"net_3":[[0.058712147176265717,0.039141431450843811,0,0,0.0097853578627109528,0,0.626262903213501,0,0.14678037166595459,0,0,0,0.792613983154297,0.17613643407821655,0.22506323456764221,0]],"net_2_q_int":[[6,4,0,0,1,0,64,0,15,0,0,0,81,18,23,0]],"net_4":[[-0.028210835531353951,0]],"net_4_q_int":[[7,52]],"after_dequant_out":[[-0.028210835531353951,0]],"final":[[-0.11281341314315796,0]],"baseline_cog":[2.9766802787780762,4.8930039405822754]}