{"after_quant_in":[[1.0014933347702026,0.50074666738510132,0.60467523336410522,0.992045283317566,0.50074666738510132,0.3968181312084198,0.86922067403793335,1.0014933347702026,0.80308431386947632,0.86922067403793335,1.0014933347702026,0.60467523336410522,0.037792202085256577,1.0014933347702026,0.3968181312084198,0,1.0014933347702026,0.1984090656042099,0,0,0,0,0,0,0.17951296269893646,0.13227270543575287]],"after_quant_in_q_int":[[106,53,64,105,53,42,92,106,85,92,106,64,4,106,42,0,106,21,0,0,0,0,0,0,19,14]],"net_0":[[0.25563257932662964,0,0,0.16145214438438416,0,0.18836084008216858,0,0.40363037586212158,0,0,0.12108911573886871,0,0.13454346358776093,0.82071512937545776,0.59199124574661255,0.25563257932662964,0,0.14799781143665314,0,0.29599562287330627,0,0,0.20181518793106079,0.32290428876876831,0,0,0.88798683881759644,0,0.72653466463089,0.995621621608734,0.0941804200410843,0.5381738543510437]],"net_1":[[0.25563257932662964,0,0,0.16145214438438416,0,0.18836084008216858,0,0.40363037586212158,0,0,0.12108911573886871,0,0.13454346358776093,0.82071512937545776,0.59199124574661255,0.25563257932662964,0,0.14799781143665314,0,0.29599562287330627,0,0,0.20181518793106079,0.32290428876876831,0,0,0.88798683881759644,0,0.72653466463089,0.995621621608734,0.0941804200410843,0.5381738543510437]],"net_0_q_int":[[19,0,0,12,0,14,0,30,0,0,9,0,10,61,44,19,0,11,0,22,0,0,15,24,0,0,66,0,54,74,7,40]],"net_2":[[0.3718436062335968,0,0.048926789313554764,0,0.17613643407821655,0,0.733901858329773,0,0.13699501752853394,0,0,0,0.70454573631286621,0,0.11742429435253143,0]],"net_3":[[0.3718436062335968,0,0.048926789313554764,0,0.17613643407821655,0,0.733901858329773,0,0.13699501752853394,0,0,0,0.70454573631286621,0,0.11742429435253143,0]],"net_2_q_int":[[38,0,5,0,18,0,75,0,14,0,0,0,72,0,12,0]],"net_4":[[0.02382248267531395,0]],"net_4_q_int":[[90,52]],"after_dequant_out":[[0.02382248267531395,0]],"final":[[0.09527190774679184,0]],"baseline_cog":[2.8502449989318848,4.4632611274719238]}