{"after_quant_in_q_int": [[106, 53, 64, 106, 53, 42, 75, 53, 0, 75, 53, 21, 48, 106, 42, 46, 106, 21, 0, 0, 21, 0, 0, 42, 25, 17]], "after_quant_in_q_scale": 0.009448050521314144, "after_quant_in_q_zero_point": 0, "after_quant_in": [[1.0014933347702026, 0.5007466673851013, 0.6046752333641052, 1.0014933347702026, 0.5007466673851013, 0.3968181312084198, 0.7086037993431091, 0.5007466673851013, 0.0, 0.7086037993431091, 0.5007466673851013, 0.1984090656042099, 0.4535064101219177, 1.0014933347702026, 0.3968181312084198, 0.4346103370189667, 1.0014933347702026, 0.1984090656042099, 0.0, 0.0, 0.1984090656042099, 0.0, 0.0, 0.3968181312084198, 0.23620125651359558, 0.16061685979366302]], "net_0_q_int": [[13, 2, 0, 21, 0, 4, 0, 19, 0, 0, 1, 0, 26, 42, 73, 10, 0, 1, 11, 16, 0, 0, 19, 27, 0, 0, 66, 0, 47, 72, 0, 36]], "net_0_q_scale": 0.013454345986247063, "net_0_q_zero_point": 0, "net_0": [[0.17490649223327637, 0.026908691972494125, 0.0, 0.28254127502441406, 0.0, 0.05381738394498825, 0.0, 0.25563257932662964, 0.0, 0.0, 0.013454345986247063, 0.0, 0.34981298446655273, 0.5650825500488281, 0.9821672439575195, 0.13454346358776093, 0.0, 0.013454345986247063, 0.14799781143665314, 0.215269535779953, 0.0, 0.0, 0.25563257932662964, 0.36326733231544495, 0.0, 0.0, 0.8879868388175964, 0.0, 0.6323542594909668, 0.9687129259109497, 0.0, 0.48435646295547485]], "net_1_q_int": [[13, 2, 0, 21, 0, 4, 0, 19, 0, 0, 1, 0, 26, 42, 73, 10, 0, 1, 11, 16, 0, 0, 19, 27, 0, 0, 66, 0, 47, 72, 0, 36]], "net_1_q_scale": 0.013454345986247063, "net_1_q_zero_point": 0, "net_1": [[0.17490649223327637, 0.026908691972494125, 0.0, 0.28254127502441406, 0.0, 0.05381738394498825, 0.0, 0.25563257932662964, 0.0, 0.0, 0.013454345986247063, 0.0, 0.34981298446655273, 0.5650825500488281, 0.9821672439575195, 0.13454346358776093, 0.0, 0.013454345986247063, 0.14799781143665314, 0.215269535779953, 0.0, 0.0, 0.25563257932662964, 0.36326733231544495, 0.0, 0.0, 0.8879868388175964, 0.0, 0.6323542594909668, 0.9687129259109497, 0.0, 0.48435646295547485]], "net_2_q_int": [[25, 0, 0, 0, 11, 0, 72, 0, 13, 0, 0, 0, 69, 0, 6, 0]], "net_2_q_scale": 0.009785357862710953, "net_2_q_zero_point": 0, "net_2": [[0.24463394284248352, 0.0, 0.0, 0.0, 0.10763894021511078, 0.0, 0.7045457363128662, 0.0, 0.1272096484899521, 0.0, 0.0, 0.0, 0.6751896739006042, 0.0, 0.05871214717626572, 0.0]], "net_3_q_int": [[25, 0, 0, 0, 11, 0, 72, 0, 13, 0, 0, 0, 69, 0, 6, 0]], "net_3_q_scale": 0.009785357862710953, "net_3_q_zero_point": 0, "net_3": [[0.24463394284248352, 0.0, 0.0, 0.0, 0.10763894021511078, 0.0, 0.7045457363128662, 0.0, 0.1272096484899521, 0.0, 0.0, 0.0, 0.6751896739006042, 0.0, 0.05871214717626572, 0.0]], "net_4_q_int": [[6, 52]], "net_4_q_scale": 0.0006269074510782957, "net_4_q_zero_point": 52, "net_4": [[-0.028837742283940315, 0.0]], "after_dequant_out_q_int": null, "after_dequant_out_q_scale": null, "after_dequant_out_q_zero_point": null, "after_dequant_out": [[-0.028837742283940315, 0.0]], "final": [[-0.11531900614500046, 0.0]], "baseline_cog": [3.079388201019665, 5.045156591405681]}