{"after_quant_in_q_int": [[106, 53, 64, 105, 53, 42, 30, 0, 42, 28, 0, 21, 2, 53, 0, 0, 53, 21, 0, 0, 0, 0, 0, 0, 25, 17]], "after_quant_in_q_scale": 0.009448050521314144, "after_quant_in_q_zero_point": 0, "after_quant_in": [[1.0014933347702026, 0.5007466673851013, 0.6046752333641052, 0.9920452833175659, 0.5007466673851013, 0.3968181312084198, 0.2834415137767792, 0.0, 0.3968181312084198, 0.26454541087150574, 0.0, 0.1984090656042099, 0.01889610104262829, 0.5007466673851013, 0.0, 0.0, 0.5007466673851013, 0.1984090656042099, 0.0, 0.0, 0.0, 0.0, 0.0, 0.0, 0.23620125651359558, 0.16061685979366302]], "net_0_q_int": [[4, 10, 0, 7, 0, 0, 0, 32, 0, 0, 16, 0, 17, 39, 31, 0, 2, 3, 15, 10, 0, 0, 11, 18, 0, 0, 42, 0, 39, 42, 9, 29]], "net_0_q_scale": 0.013454345986247063, "net_0_q_zero_point": 0, "net_0": [[0.05381738394498825, 0.13454346358776093, 0.0, 0.09418042004108429, 0.0, 0.0, 0.0, 0.430539071559906, 0.0, 0.0, 0.215269535779953, 0.0, 0.22872388362884521, 0.5247194766998291, 0.4170847237110138, 0.0, 0.026908691972494125, 0.04036303609609604, 0.2018151879310608, 0.13454346358776093, 0.0, 0.0, 0.14799781143665314, 0.24217823147773743, 0.0, 0.0, 0.5650825500488281, 0.0, 0.5247194766998291, 0.5650825500488281, 0.12108911573886871, 0.39017602801322937]], "net_1_q_int": [[4, 10, 0, 7, 0, 0, 0, 32, 0, 0, 16, 0, 17, 39, 31, 0, 2, 3, 15, 10, 0, 0, 11, 18, 0, 0, 42, 0, 39, 42, 9, 29]], "net_1_q_scale": 0.013454345986247063, "net_1_q_zero_point": 0, "net_1": [[0.05381738394498825, 0.13454346358776093, 0.0, 0.09418042004108429, 0.0, 0.0, 0.0, 0.430539071559906, 0.0, 0.0, 0.215269535779953, 0.0, 0.22872388362884521, 0.5247194766998291, 0.4170847237110138, 0.0, 0.026908691972494125, 0.04036303609609604, 0.2018151879310608, 0.13454346358776093, 0.0, 0.0, 0.14799781143665314, 0.24217823147773743, 0.0, 0.0, 0.5650825500488281, 0.0, 0.5247194766998291, 0.5650825500488281, 0.12108911573886871, 0.39017602801322937]], "net_2_q_int": [[19, 5, 5, 0, 22, 0, 57, 0, 19, 0, 0, 0, 49, 16, 8, 0]], "net_2_q_scale": 0.009785357862710953, "net_2_q_zero_point": 0, "net_2": [[0.1859218031167984, 0.048926789313554764, 0.048926789313554764, 0.0, 0.21527788043022156, 0.0, 0.5577654242515564, 0.0, 0.1859218031167984, 0.0, 0.0, 0.0, 0.4794825315475464, 0.15656572580337524, 0.07828286290168762, 0.0]], "net_3_q_int": [[19, 5, 5, 0, 22, 0, 57, 0, 19, 0, 0, 0, 49, 16, 8, 0]], "net_3_q_scale": 0.009785357862710953, "net_3_q_zero_point": 0, "net_3": [[0.1859218031167984, 0.048926789313554764, 0.048926789313554764, 0.0, 0.21527788043022156, 0.0, 0.5577654242515564, 0.0, 0.1859218031167984, 0.0, 0.0, 0.0, 0.4794825315475464, 0.15656572580337524, 0.07828286290168762, 0.0]], "net_4_q_int": [[15, 52]], "net_4_q_scale": 0.0006269074510782957, "net_4_q_zero_point": 52, "net_4": [[-0.023195575922727585, 0.0]], "after_dequant_out_q_int": null, "after_dequant_out_q_scale": null, "after_dequant_out_q_zero_point": null, "after_dequant_out": [[-0.023195575922727585, 0.0]], "final": [[-0.09276566654443741, 0.0]], "baseline_cog": [3.0620525059665873, 4.805887032617343]}