{"after_quant_in":[[1.0014933347702026,0.50074666738510132,0.60467523336410522,1.0014933347702026,0.50074666738510132,0.3968181312084198,0.708603799343109,0.50074666738510132,0,0.708603799343109,0.50074666738510132,0.1984090656042099,0.45350641012191772,1.0014933347702026,0.3968181312084198,0.43461033701896667,1.0014933347702026,0.1984090656042099,0,0,0.1984090656042099,0,0,0.3968181312084198,0.23620125651359558,0.160616859793663]],"after_quant_in_q_int":[[106,53,64,106,53,42,75,53,0,75,53,21,48,106,42,46,106,21,0,0,21,0,0,42,25,17]],"net_0":[[0.17490649223327637,0.026908691972494125,0,0.282541275024414,0,0.053817383944988251,0,0.25563257932662964,0,0,0.013454345986247063,0,0.34981298446655273,0.565082550048828,0.98216724395751953,0.13454346358776093,0,0.013454345986247063,0.14799781143665314,0.215269535779953,0,0,0.25563257932662964,0.363267332315445,0,0,0.88798683881759644,0,0.6323542594909668,0.96871292591094971,0,0.48435646295547485]],"net_1":[[0.17490649223327637,0.026908691972494125,0,0.282541275024414,0,0.053817383944988251,0,0.25563257932662964,0,0,0.013454345986247063,0,0.34981298446655273,0.565082550048828,0.98216724395751953,0.13454346358776093,0,0.013454345986247063,0.14799781143665314,0.215269535779953,0,0,0.25563257932662964,0.363267332315445,0,0,0.88798683881759644,0,0.6323542594909668,0.96871292591094971,0,0.48435646295547485]],"net_0_q_int":[[13,2,0,21,0,4,0,19,0,0,1,0,26,42,73,10,0,1,11,16,0,0,19,27,0,0,66,0,47,72,0,36]],"net_2":[[0.24463394284248352,0,0,0,0.10763894021511078,0,0.70454573631286621,0,0.12720964848995209,0,0,0,0.67518967390060425,0,0.058712147176265717,0]],"net_3":[[0.24463394284248352,0,0,0,0.10763894021511078,0,0.70454573631286621,0,0.12720964848995209,0,0,0,0.67518967390060425,0,0.058712147176265717,0]],"net_2_q_int":[[25,0,0,0,11,0,72,0,13,0,0,0,69,0,6,0]],"net_4":[[-0.028837742283940315,0]],"net_4_q_int":[[6,52]],"after_dequant_out":[[-0.028837742283940315,0]],"final":[[-0.11531899869441986,0]],"baseline_cog":[3.07938814163208,5.0451564788818359]}