{"after_quant_in_q_int": [[106, 53, 64, 105, 53, 42, 45, 0, 42, 43, 0, 21, 3, 53, 0, 0, 53, 21, 0, 0, 0, 0, 0, 0, 25, 17]], "after_quant_in_q_scale": 0.009448050521314144, "after_quant_in_q_zero_point": 0, "after_quant_in": [[1.0014933347702026, 0.5007466673851013, 0.6046752333641052, 0.9920452833175659, 0.5007466673851013, 0.3968181312084198, 0.42516228556632996, 0.0, 0.3968181312084198, 0.4062661826610565, 0.0, 0.1984090656042099, 0.028344150632619858, 0.5007466673851013, 0.0, 0.0, 0.5007466673851013, 0.1984090656042099, 0.0, 0.0, 0.0, 0.0, 0.0, 0.0, 0.23620125651359558, 0.16061685979366302]], "net_0_q_int": [[5, 8, 0, 7, 0, 0, 0, 32, 0, 0, 15, 0, 18, 40, 30, 0, 0, 4, 18, 9, 0, 2, 11, 18, 0, 0, 44, 0, 36, 45, 10, 31]], "net_0_q_scale": 0.013454345986247063, "net_0_q_zero_point": 0, "net_0": [[0.06727173179388046, 0.1076347678899765, 0.0, 0.09418042004108429, 0.0, 0.0, 0.0, 0.430539071559906, 0.0, 0.0, 0.2018151879310608, 0.0, 0.24217823147773743, 0.5381738543510437, 0.4036303758621216, 0.0, 0.0, 0.05381738394498825, 0.24217823147773743, 0.12108911573886871, 0.0, 0.026908691972494125, 0.14799781143665314, 0.24217823147773743, 0.0, 0.0, 0.5919912457466125, 0.0, 0.48435646295547485, 0.6054455637931824, 0.13454346358776093, 0.4170847237110138]], "net_1_q_int": [[5, 8, 0, 7, 0, 0, 0, 32, 0, 0, 15, 0, 18, 40, 30, 0, 0, 4, 18, 9, 0, 2, 11, 18, 0, 0, 44, 0, 36, 45, 10, 31]], "net_1_q_scale": 0.013454345986247063, "net_1_q_zero_point": 0, "net_1": [[0.06727173179388046, 0.1076347678899765, 0.0, 0.09418042004108429, 0.0, 0.0, 0.0, 0.430539071559906, 0.0, 0.0, 0.2018151879310608, 0.0, 0.24217823147773743, 0.5381738543510437, 0.4036303758621216, 0.0, 0.0, 0.05381738394498825, 0.24217823147773743, 0.12108911573886871, 0.0, 0.026908691972494125, 0.14799781143665314, 0.24217823147773743, 0.0, 0.0, 0.5919912457466125, 0.0, 0.48435646295547485, 0.6054455637931824, 0.13454346358776093, 0.4170847237110138]], "net_2_q_int": [[20, 3, 5, 0, 21, 0, 59, 0, 19, 0, 0, 0, 50, 17, 10, 0]], "net_2_q_scale": 0.009785357862710953, "net_2_q_zero_point": 0, "net_2": [[0.19570715725421906, 0.02935607358813286, 0.048926789313554764, 0.0, 0.2054925113916397, 0.0, 0.5773361325263977, 0.0, 0.1859218031167984, 0.0, 0.0, 0.0, 0.48926788568496704, 0.1663510799407959, 0.09785357862710953, 0.0]], "net_3_q_int": [[20, 3, 5, 0, 21, 0, 59, 0, 19, 0, 0, 0, 50, 17, 10, 0]], "net_3_q_scale": 0.009785357862710953, "net_3_q_zero_point": 0, "net_3": [[0.19570715725421906, 0.02935607358813286, 0.048926789313554764, 0.0, 0.2054925113916397, 0.0, 0.5773361325263977, 0.0, 0.1859218031167984, 0.0, 0.0, 0.0, 0.48926788568496704, 0.1663510799407959, 0.09785357862710953, 0.0]], "net_4_q_int": [[20, 52]], "net_4_q_scale": 0.0006269074510782957, "net_4_q_zero_point": 52, "net_4": [[-0.020061038434505463, 0.0]], "after_dequant_out_q_int": null, "after_dequant_out_q_scale": null, "after_dequant_out_q_zero_point": null, "after_dequant_out": [[-0.020061038434505463, 0.0]], "final": [[-0.0802333876490593, 0.0]], "baseline_cog": [2.9135702746365104, 4.731017770597738]}