{"after_quant_in_q_int": [[106, 53, 64, 105, 53, 42, 21, 53, 0, 19, 53, 21, 3, 0, 42, 0, 0, 21, 0, 0, 0, 0, 0, 0, 25, 17]], "after_quant_in_q_scale": 0.009448050521314144, "after_quant_in_q_zero_point": 0, "after_quant_in": [[1.0014933347702026, 0.5007466673851013, 0.6046752333641052, 0.9920452833175659, 0.5007466673851013, 0.3968181312084198, 0.1984090656042099, 0.5007466673851013, 0.0, 0.17951296269893646, 0.5007466673851013, 0.1984090656042099, 0.028344150632619858, 0.0, 0.3968181312084198, 0.0, 0.0, 0.1984090656042099, 0.0, 0.0, 0.0, 0.0, 0.0, 0.0, 0.23620125651359558, 0.16061685979366302]], "net_0_q_int": [[8, 0, 0, 17, 0, 0, 0, 30, 0, 3, 0, 0, 5, 31, 26, 0, 0, 0, 7, 17, 0, 0, 12, 14, 0, 0, 33, 0, 49, 43, 11, 21]], "net_0_q_scale": 0.013454345986247063, "net_0_q_zero_point": 0, "net_0": [[0.1076347678899765, 0.0, 0.0, 0.22872388362884521, 0.0, 0.0, 0.0, 0.4036303758621216, 0.0, 0.04036303609609604, 0.0, 0.0, 0.06727173179388046, 0.4170847237110138, 0.34981298446655273, 0.0, 0.0, 0.0, 0.09418042004108429, 0.22872388362884521, 0.0, 0.0, 0.16145214438438416, 0.18836084008216858, 0.0, 0.0, 0.4439934194087982, 0.0, 0.6592629551887512, 0.578536868095398, 0.14799781143665314, 0.28254127502441406]], "net_1_q_int": [[8, 0, 0, 17, 0, 0, 0, 30, 0, 3, 0, 0, 5, 31, 26, 0, 0, 0, 7, 17, 0, 0, 12, 14, 0, 0, 33, 0, 49, 43, 11, 21]], "net_1_q_scale": 0.013454345986247063, "net_1_q_zero_point": 0, "net_1": [[0.1076347678899765, 0.0, 0.0, 0.22872388362884521, 0.0, 0.0, 0.0, 0.4036303758621216, 0.0, 0.04036303609609604, 0.0, 0.0, 0.06727173179388046, 0.4170847237110138, 0.34981298446655273, 0.0, 0.0, 0.0, 0.09418042004108429, 0.22872388362884521, 0.0, 0.0, 0.16145214438438416, 0.18836084008216858, 0.0, 0.0, 0.4439934194087982, 0.0, 0.6592629551887512, 0.578536868095398, 0.14799781143665314, 0.28254127502441406]], "net_2_q_int": [[23, 11, 0, 0, 23, 0, 50, 0, 19, 0, 0, 0, 51, 9, 9, 0]], "net_2_q_scale": 0.009785357862710953, "net_2_q_zero_point": 0, "net_2": [[0.2250632345676422, 0.10763894021511078, 0.0, 0.0, 0.2250632345676422, 0.0, 0.48926788568496704, 0.0, 0.1859218031167984, 0.0, 0.0, 0.0, 0.4990532398223877, 0.08806821703910828, 0.08806821703910828, 0.0]], "net_3_q_int": [[23, 11, 0, 0, 23, 0, 50, 0, 19, 0, 0, 0, 51, 9, 9, 0]], "net_3_q_scale": 0.009785357862710953, "net_3_q_zero_point": 0, "net_3": [[0.2250632345676422, 0.10763894021511078, 0.0, 0.0, 0.2250632345676422, 0.0, 0.48926788568496704, 0.0, 0.1859218031167984, 0.0, 0.0, 0.0, 0.4990532398223877, 0.08806821703910828, 0.08806821703910828, 0.0]], "net_4_q_int": [[17, 52]], "net_4_q_scale": 0.0006269074510782957, "net_4_q_zero_point": 52, "net_4": [[-0.021941760554909706, 0.0]], "after_dequant_out_q_int": null, "after_dequant_out_q_scale": null, "after_dequant_out_q_zero_point": null, "after_dequant_out": [[-0.021941760554909706, 0.0]], "final": [[-0.08775296062231064, 0.0]], "baseline_cog": [2.982541899441341, 4.85754189944134]}