{"after_quant_in": [[1.0014933347702026, 0.5007466673851013, 0.6046752333641052, 1.0014933347702026, 0.5007466673851013, 0.3968181312084198, 0.8503245711326599, 0.0, 0.1984090656042099, 0.8503245711326599, 0.0, 0.3968181312084198, 0.0, 0.5007466673851013, 0.1984090656042099, 0.0, 0.5007466673851013, 0.0, 0.0, 0.0, 0.0, 0.0, 0.0, 0.0, 0.23620125651359558, 0.16061685979366302]], "net_0": [[0.08072607219219208, 0.12108911573886871, 0.0, 0.12108911573886871, 0.0, 0.0, 0.0, 0.39017602801322937, 0.0, 0.0, 0.13454346358776093, 0.0, 0.2959956228733063, 0.5112651586532593, 0.37672168016433716, 0.08072607219219208, 0.0, 0.09418042004108429, 0.3229042887687683, 0.013454345986247063, 0.0, 0.04036303609609604, 0.12108911573886871, 0.18836084008216858, 0.0, 0.0, 0.6054455637931824, 0.0, 0.37672168016433716, 0.7399890422821045, 0.17490649223327637, 0.5650825500488281]], "net_1": [[0.08072607219219208, 0.12108911573886871, 0.0, 0.12108911573886871, 0.0, 0.0, 0.0, 0.39017602801322937, 0.0, 0.0, 0.13454346358776093, 0.0, 0.2959956228733063, 0.5112651586532593, 0.37672168016433716, 0.08072607219219208, 0.0, 0.09418042004108429, 0.3229042887687683, 0.013454345986247063, 0.0, 0.04036303609609604, 0.12108911573886871, 0.18836084008216858, 0.0, 0.0, 0.6054455637931824, 0.0, 0.37672168016433716, 0.7399890422821045, 0.17490649223327637, 0.5650825500488281]], "net_2": [[0.19570715725421906, 0.0, 0.048926789313554764, 0.0, 0.1663510799407959, 0.0, 0.6066921949386597, 0.0, 0.1859218031167984, 0.0, 0.0, 0.0, 0.4599118232727051, 0.17613643407821655, 0.13699501752853394, 0.0]], "net_3": [[0.19570715725421906, 0.0, 0.048926789313554764, 0.0, 0.1663510799407959, 0.0, 0.6066921949386597, 0.0, 0.1859218031167984, 0.0, 0.0, 0.0, 0.4599118232727051, 0.17613643407821655, 0.13699501752853394, 0.0]], "net_4": [[-0.021941760554909706, 0.0]], "after_dequant_out": [[-0.021941760554909706, 0.0]], "final": [[-0.08775296062231064, 0.0]]}