{"after_quant_in":[[1.0014933347702026,0.50074666738510132,0.60467523336410522,0.992045283317566,0.50074666738510132,0.3968181312084198,0.42516228556633,0,0.3968181312084198,0.40626618266105652,0,0.1984090656042099,0.028344150632619858,0.50074666738510132,0,0,0.50074666738510132,0.1984090656042099,0,0,0,0,0,0,0.23620125651359558,0.160616859793663]],"after_quant_in_q_int":[[106,53,64,105,53,42,45,0,42,43,0,21,3,53,0,0,53,21,0,0,0,0,0,0,25,17]],"net_0":[[0.067271731793880463,0.1076347678899765,0,0.0941804200410843,0,0,0,0.430539071559906,0,0,0.20181518793106079,0,0.24217823147773743,0.5381738543510437,0.40363037586212158,0,0,0.053817383944988251,0.24217823147773743,0.12108911573886871,0,0.026908691972494125,0.14799781143665314,0.24217823147773743,0,0,0.59199124574661255,0,0.48435646295547485,0.60544556379318237,0.13454346358776093,0.41708472371101379]],"net_1":[[0.067271731793880463,0.1076347678899765,0,0.0941804200410843,0,0,0,0.430539071559906,0,0,0.20181518793106079,0,0.24217823147773743,0.5381738543510437,0.40363037586212158,0,0,0.053817383944988251,0.24217823147773743,0.12108911573886871,0,0.026908691972494125,0.14799781143665314,0.24217823147773743,0,0,0.59199124574661255,0,0.48435646295547485,0.60544556379318237,0.13454346358776093,0.41708472371101379]],"net_0_q_int":[[5,8,0,7,0,0,0,32,0,0,15,0,18,40,30,0,0,4,18,9,0,2,11,18,0,0,44,0,36,45,10,31]],"net_2":[[0.19570715725421906,0.029356073588132858,0.048926789313554764,0,0.20549251139163971,0,0.57733613252639771,0,0.1859218031167984,0,0,0,0.489267885684967,0.1663510799407959,0.097853578627109528,0]],"net_3":[[0.19570715725421906,0.029356073588132858,0.048926789313554764,0,0.20549251139163971,0,0.57733613252639771,0,0.1859218031167984,0,0,0,0.489267885684967,0.1663510799407959,0.097853578627109528,0]],"net_2_q_int":[[20,3,5,0,21,0,59,0,19,0,0,0,50,17,10,0]],"net_4":[[-0.020061038434505463,0]],"net_4_q_int":[[20,52]],"after_dequant_out":[[-0.020061038434505463,0]],"final":[[-0.0802333950996399,0]],"baseline_cog":[2.9135704040527344,4.7310175895690918]}