{"after_quant_in_q_int": [[106, 53, 64, 106, 53, 42, 90, 0, 21, 90, 0, 42, 0, 53, 0, 0, 53, 21, 0, 0, 0, 0, 0, 0, 25, 17]], "after_quant_in_q_scale": 0.009448050521314144, "after_quant_in_q_zero_point": 0, "after_quant_in": [[1.0014933347702026, 0.5007466673851013, 0.6046752333641052, 1.0014933347702026, 0.5007466673851013, 0.3968181312084198, 0.8503245711326599, 0.0, 0.1984090656042099, 0.8503245711326599, 0.0, 0.3968181312084198, 0.0, 0.5007466673851013, 0.0, 0.0, 0.5007466673851013, 0.1984090656042099, 0.0, 0.0, 0.0, 0.0, 0.0, 0.0, 0.23620125651359558, 0.16061685979366302]], "net_0_q_int": [[8, 5, 0, 5, 0, 1, 0, 30, 0, 0, 10, 0, 19, 40, 26, 7, 0, 6, 29, 4, 0, 7, 11, 14, 0, 0, 46, 0, 27, 55, 11, 38]], "net_0_q_scale": 0.013454345986247063, "net_0_q_zero_point": 0, "net_0": [[0.1076347678899765, 0.06727173179388046, 0.0, 0.06727173179388046, 0.0, 0.013454345986247063, 0.0, 0.4036303758621216, 0.0, 0.0, 0.13454346358776093, 0.0, 0.25563257932662964, 0.5381738543510437, 0.34981298446655273, 0.09418042004108429, 0.0, 0.08072607219219208, 0.39017602801322937, 0.05381738394498825, 0.0, 0.09418042004108429, 0.14799781143665314, 0.18836084008216858, 0.0, 0.0, 0.618899941444397, 0.0, 0.36326733231544495, 0.7399890422821045, 0.14799781143665314, 0.5112651586532593]], "net_1_q_int": [[8, 5, 0, 5, 0, 1, 0, 30, 0, 0, 10, 0, 19, 40, 26, 7, 0, 6, 29, 4, 0, 7, 11, 14, 0, 0, 46, 0, 27, 55, 11, 38]], "net_1_q_scale": 0.013454345986247063, "net_1_q_zero_point": 0, "net_1": [[0.1076347678899765, 0.06727173179388046, 0.0, 0.06727173179388046, 0.0, 0.013454345986247063, 0.0, 0.4036303758621216, 0.0, 0.0, 0.13454346358776093, 0.0, 0.25563257932662964, 0.5381738543510437, 0.34981298446655273, 0.09418042004108429, 0.0, 0.08072607219219208, 0.39017602801322937, 0.05381738394498825, 0.0, 0.09418042004108429, 0.14799781143665314, 0.18836084008216858, 0.0, 0.0, 0.618899941444397, 0.0, 0.36326733231544495, 0.7399890422821045, 0.14799781143665314, 0.5112651586532593]], "net_2_q_int": [[22, 0, 3, 0, 17, 0, 63, 0, 20, 0, 0, 0, 48, 18, 13, 0]], "net_2_q_scale": 0.009785357862710953, "net_2_q_zero_point": 0, "net_2": [[0.21527788043022156, 0.0, 0.02935607358813286, 0.0, 0.1663510799407959, 0.0, 0.6164775490760803, 0.0, 0.19570715725421906, 0.0, 0.0, 0.0, 0.46969717741012573, 0.17613643407821655, 0.1272096484899521, 0.0]], "net_3_q_int": [[22, 0, 3, 0, 17, 0, 63, 0, 20, 0, 0, 0, 48, 18, 13, 0]], "net_3_q_scale": 0.009785357862710953, "net_3_q_zero_point": 0, "net_3": [[0.21527788043022156, 0.0, 0.02935607358813286, 0.0, 0.1663510799407959, 0.0, 0.6164775490760803, 0.0, 0.19570715725421906, 0.0, 0.0, 0.0, 0.46969717741012573, 0.17613643407821655, 0.1272096484899521, 0.0]], "net_4_q_int": [[18, 52]], "net_4_q_scale": 0.0006269074510782957, "net_4_q_zero_point": 52, "net_4": [[-0.02131485380232334, 0.0]], "after_dequant_out_q_int": null, "after_dequant_out_q_scale": null, "after_dequant_out_q_zero_point": null, "after_dequant_out": [[-0.02131485380232334, 0.0]], "final": [[-0.0852465033531189, 0.0]], "baseline_cog": [2.9816232771822357, 4.606431852986217]}