{"after_quant_in_q_int": [[106, 53, 64, 106, 53, 42, 80, 53, 0, 79, 53, 21, 67, 0, 42, 66, 0, 21, 5, 106, 42, 0, 106, 21, 25, 17]], "after_quant_in_q_scale": 0.009448050521314144, "after_quant_in_q_zero_point": 0, "after_quant_in": [[1.0014933347702026, 0.5007466673851013, 0.6046752333641052, 1.0014933347702026, 0.5007466673851013, 0.3968181312084198, 0.7558440566062927, 0.5007466673851013, 0.0, 0.746396005153656, 0.5007466673851013, 0.1984090656042099, 0.6330193877220154, 0.0, 0.3968181312084198, 0.6235713362693787, 0.0, 0.1984090656042099, 0.047240253537893295, 1.0014933347702026, 0.3968181312084198, 0.0, 1.0014933347702026, 0.1984090656042099, 0.23620125651359558, 0.16061685979366302]], "net_0_q_int": [[4, 0, 0, 43, 0, 0, 0, 31, 0, 0, 0, 0, 0, 26, 74, 0, 0, 0, 25, 3, 0, 28, 5, 28, 0, 0, 45, 0, 17, 80, 17, 26]], "net_0_q_scale": 0.013454345986247063, "net_0_q_zero_point": 0, "net_0": [[0.05381738394498825, 0.0, 0.0, 0.578536868095398, 0.0, 0.0, 0.0, 0.4170847237110138, 0.0, 0.0, 0.0, 0.0, 0.0, 0.34981298446655273, 0.9956216216087341, 0.0, 0.0, 0.0, 0.3363586366176605, 0.04036303609609604, 0.0, 0.37672168016433716, 0.06727173179388046, 0.37672168016433716, 0.0, 0.0, 0.6054455637931824, 0.0, 0.22872388362884521, 1.0763477087020874, 0.22872388362884521, 0.34981298446655273]], "net_1_q_int": [[4, 0, 0, 43, 0, 0, 0, 31, 0, 0, 0, 0, 0, 26, 74, 0, 0, 0, 25, 3, 0, 28, 5, 28, 0, 0, 45, 0, 17, 80, 17, 26]], "net_1_q_scale": 0.013454345986247063, "net_1_q_zero_point": 0, "net_1": [[0.05381738394498825, 0.0, 0.0, 0.578536868095398, 0.0, 0.0, 0.0, 0.4170847237110138, 0.0, 0.0, 0.0, 0.0, 0.0, 0.34981298446655273, 0.9956216216087341, 0.0, 0.0, 0.0, 0.3363586366176605, 0.04036303609609604, 0.0, 0.37672168016433716, 0.06727173179388046, 0.37672168016433716, 0.0, 0.0, 0.6054455637931824, 0.0, 0.22872388362884521, 1.0763477087020874, 0.22872388362884521, 0.34981298446655273]], "net_2_q_int": [[6, 4, 0, 0, 1, 0, 64, 0, 15, 0, 0, 0, 81, 18, 23, 0]], "net_2_q_scale": 0.009785357862710953, "net_2_q_zero_point": 0, "net_2": [[0.05871214717626572, 0.03914143145084381, 0.0, 0.0, 0.009785357862710953, 0.0, 0.626262903213501, 0.0, 0.1467803716659546, 0.0, 0.0, 0.0, 0.7926139831542969, 0.17613643407821655, 0.2250632345676422, 0.0]], "net_3_q_int": [[6, 4, 0, 0, 1, 0, 64, 0, 15, 0, 0, 0, 81, 18, 23, 0]], "net_3_q_scale": 0.009785357862710953, "net_3_q_zero_point": 0, "net_3": [[0.05871214717626572, 0.03914143145084381, 0.0, 0.0, 0.009785357862710953, 0.0, 0.626262903213501, 0.0, 0.1467803716659546, 0.0, 0.0, 0.0, 0.7926139831542969, 0.17613643407821655, 0.2250632345676422, 0.0]], "net_4_q_int": [[7, 52]], "net_4_q_scale": 0.0006269074510782957, "net_4_q_zero_point": 52, "net_4": [[-0.02821083553135395, 0.0]], "after_dequant_out_q_int": null, "after_dequant_out_q_scale": null, "after_dequant_out_q_zero_point": null, "after_dequant_out": [[-0.02821083553135395, 0.0]], "final": [[-0.11281341314315796, 0.0]], "baseline_cog": [2.976680384087792, 4.893004115226337]}