{"after_quant_in":[[1.0014933347702026,0.50074666738510132,0.60467523336410522,0.992045283317566,0.50074666738510132,0.3968181312084198,0.1984090656042099,0.50074666738510132,0,0.17951296269893646,0.50074666738510132,0.1984090656042099,0.028344150632619858,0,0.3968181312084198,0,0,0.1984090656042099,0,0,0,0,0,0,0.23620125651359558,0.160616859793663]],"after_quant_in_q_int":[[106,53,64,105,53,42,21,53,0,19,53,21,3,0,42,0,0,21,0,0,0,0,0,0,25,17]],"net_0":[[0.1076347678899765,0,0,0.22872388362884521,0,0,0,0.40363037586212158,0,0.040363036096096039,0,0,0.067271731793880463,0.41708472371101379,0.34981298446655273,0,0,0,0.0941804200410843,0.22872388362884521,0,0,0.16145214438438416,0.18836084008216858,0,0,0.44399341940879822,0,0.65926295518875122,0.578536868095398,0.14799781143665314,0.282541275024414]],"net_1":[[0.1076347678899765,0,0,0.22872388362884521,0,0,0,0.40363037586212158,0,0.040363036096096039,0,0,0.067271731793880463,0.41708472371101379,0.34981298446655273,0,0,0,0.0941804200410843,0.22872388362884521,0,0,0.16145214438438416,0.18836084008216858,0,0,0.44399341940879822,0,0.65926295518875122,0.578536868095398,0.14799781143665314,0.282541275024414]],"net_0_q_int":[[8,0,0,17,0,0,0,30,0,3,0,0,5,31,26,0,0,0,7,17,0,0,12,14,0,0,33,0,49,43,11,21]],"net_2":[[0.22506323456764221,0.10763894021511078,0,0,0.22506323456764221,0,0.489267885684967,0,0.1859218031167984,0,0,0,0.4990532398223877,0.088068217039108276,0.088068217039108276,0]],"net_3":[[0.22506323456764221,0.10763894021511078,0,0,0.22506323456764221,0,0.489267885684967,0,0.1859218031167984,0,0,0,0.4990532398223877,0.088068217039108276,0.088068217039108276,0]],"net_2_q_int":[[23,11,0,0,23,0,50,0,19,0,0,0,51,9,9,0]],"net_4":[[-0.021941760554909706,0]],"net_4_q_int":[[17,52]],"after_dequant_out":[[-0.021941760554909706,0]],"final":[[-0.087752960622310638,0]],"baseline_cog":[2.9825420379638672,4.8575420379638672]}