{"after_quant_in": [[1.0014933347702026, 0.5007466673851013, 0.8030843138694763, 1.0014933347702026, 0.5007466673851013, 0.6046752333641052, 1.0014933347702026, 0.0, 0.6046752333641052, 0.9825972318649292, 0.0, 0.3968181312084198, 0.01889610104262829, 0.5007466673851013, 0.3968181312084198, 0.0, 0.5007466673851013, 0.1984090656042099, 0.0, 0.0, 0.0, 0.0, 0.0, 0.0, 0.17951296269893646, 0.16061685979366302]], "net_0": [[0.09418042004108429, 0.013454345986247063, 0.0, 0.05381738394498825, 0.0, 0.0, 0.0, 0.45744776725769043, 0.0, 0.0, 0.12108911573886871, 0.0, 0.2959956228733063, 0.6054455637931824, 0.4036303758621216, 0.1076347678899765, 0.0, 0.1076347678899765, 0.3094499707221985, 0.026908691972494125, 0.0, 0.04036303609609604, 0.12108911573886871, 0.3229042887687683, 0.0, 0.0, 0.7668977379798889, 0.0, 0.4036303758621216, 0.6458085775375366, 0.14799781143665314, 0.6323542594909668]], "net_1": [[0.09418042004108429, 0.013454345986247063, 0.0, 0.05381738394498825, 0.0, 0.0, 0.0, 0.45744776725769043, 0.0, 0.0, 0.12108911573886871, 0.0, 0.2959956228733063, 0.6054455637931824, 0.4036303758621216, 0.1076347678899765, 0.0, 0.1076347678899765, 0.3094499707221985, 0.026908691972494125, 0.0, 0.04036303609609604, 0.12108911573886871, 0.3229042887687683, 0.0, 0.0, 0.7668977379798889, 0.0, 0.4036303758621216, 0.6458085775375366, 0.14799781143665314, 0.6323542594909668]], "net_2": [[0.19570715725421906, 0.0, 0.06849750876426697, 0.0, 0.19570715725421906, 0.0, 0.6360482573509216, 0.0, 0.19570715725421906, 0.0, 0.0, 0.0, 0.4990532398223877, 0.15656572580337524, 0.15656572580337524, 0.0]], "net_3": [[0.19570715725421906, 0.0, 0.06849750876426697, 0.0, 0.19570715725421906, 0.0, 0.6360482573509216, 0.0, 0.19570715725421906, 0.0, 0.0, 0.0, 0.4990532398223877, 0.15656572580337524, 0.15656572580337524, 0.0]], "net_4": [[-0.006269074510782957, 0.0]], "after_dequant_out": [[-0.006269074510782957, 0.0]], "final": [[-0.025075970217585564, 0.0]]}