{"after_quant_in":[[1.0014933347702026,0.50074666738510132,0.60467523336410522,1.0014933347702026,0.50074666738510132,0.3968181312084198,0.62357133626937866,0.50074666738510132,0,0.62357133626937866,0.50074666738510132,0.1984090656042099,0.27399346232414246,1.0014933347702026,0.3968181312084198,0.26454541087150574,1.0014933347702026,0.1984090656042099,0.037792202085256577,0,0.3968181312084198,0,0,0.1984090656042099,0.23620125651359558,0.160616859793663]],"after_quant_in_q_int":[[106,53,64,106,53,42,66,53,0,66,53,21,29,106,42,28,106,21,4,0,42,0,0,21,25,17]],"net_0":[[0.16145214438438416,0.0941804200410843,0,0.20181518793106079,0,0,0,0.215269535779953,0,0,0.026908691972494125,0,0.34981298446655273,0.565082550048828,0.914895534515381,0.13454346358776093,0,0,0.13454346358776093,0.20181518793106079,0,0,0.18836084008216858,0.37672168016433716,0,0,0.874532461166382,0,0.68617165088653564,0.995621621608734,0.026908691972494125,0.48435646295547485]],"net_1":[[0.16145214438438416,0.0941804200410843,0,0.20181518793106079,0,0,0,0.215269535779953,0,0,0.026908691972494125,0,0.34981298446655273,0.565082550048828,0.914895534515381,0.13454346358776093,0,0,0.13454346358776093,0.20181518793106079,0,0,0.18836084008216858,0.37672168016433716,0,0,0.874532461166382,0,0.68617165088653564,0.995621621608734,0.026908691972494125,0.48435646295547485]],"net_0_q_int":[[12,7,0,15,0,0,0,16,0,0,2,0,26,42,68,10,0,0,10,15,0,0,14,28,0,0,65,0,51,74,2,36]],"net_2":[[0.24463394284248352,0,0,0,0.11742429435253143,0,0.684975028038025,0,0.13699501752853394,0,0,0,0.655618965625763,0,0.058712147176265717,0]],"net_3":[[0.24463394284248352,0,0,0,0.11742429435253143,0,0.684975028038025,0,0.13699501752853394,0,0,0,0.655618965625763,0,0.058712147176265717,0]],"net_2_q_int":[[25,0,0,0,12,0,70,0,14,0,0,0,67,0,6,0]],"net_4":[[-0.030718464404344559,0]],"net_4_q_int":[[3,52]],"after_dequant_out":[[-0.030718464404344559,0]],"final":[[-0.12283521890640259,0]],"baseline_cog":[3.0176076889038086,5.0346083641052246]}