{"after_quant_in_q_int": [[106, 53, 64, 106, 53, 85, 106, 0, 64, 104, 0, 42, 2, 53, 42, 0, 53, 21, 0, 0, 0, 0, 0, 0, 19, 17]], "after_quant_in_q_scale": 0.009448050521314144, "after_quant_in_q_zero_point": 0, "after_quant_in": [[1.0014933347702026, 0.5007466673851013, 0.6046752333641052, 1.0014933347702026, 0.5007466673851013, 0.8030843138694763, 1.0014933347702026, 0.0, 0.6046752333641052, 0.9825972318649292, 0.0, 0.3968181312084198, 0.01889610104262829, 0.5007466673851013, 0.3968181312084198, 0.0, 0.5007466673851013, 0.1984090656042099, 0.0, 0.0, 0.0, 0.0, 0.0, 0.0, 0.17951296269893646, 0.16061685979366302]], "net_0_q_int": [[11, 4, 0, 4, 0, 0, 0, 32, 0, 0, 7, 0, 21, 47, 27, 11, 0, 11, 21, 7, 0, 1, 7, 29, 0, 0, 53, 0, 31, 47, 10, 46]], "net_0_q_scale": 0.013454345986247063, "net_0_q_zero_point": 0, "net_0": [[0.14799781143665314, 0.05381738394498825, 0.0, 0.05381738394498825, 0.0, 0.0, 0.0, 0.430539071559906, 0.0, 0.0, 0.09418042004108429, 0.0, 0.28254127502441406, 0.6323542594909668, 0.36326733231544495, 0.14799781143665314, 0.0, 0.14799781143665314, 0.28254127502441406, 0.09418042004108429, 0.0, 0.013454345986247063, 0.09418042004108429, 0.39017602801322937, 0.0, 0.0, 0.7130803465843201, 0.0, 0.4170847237110138, 0.6323542594909668, 0.13454346358776093, 0.618899941444397]], "net_1_q_int": [[11, 4, 0, 4, 0, 0, 0, 32, 0, 0, 7, 0, 21, 47, 27, 11, 0, 11, 21, 7, 0, 1, 7, 29, 0, 0, 53, 0, 31, 47, 10, 46]], "net_1_q_scale": 0.013454345986247063, "net_1_q_zero_point": 0, "net_1": [[0.14799781143665314, 0.05381738394498825, 0.0, 0.05381738394498825, 0.0, 0.0, 0.0, 0.430539071559906, 0.0, 0.0, 0.09418042004108429, 0.0, 0.28254127502441406, 0.6323542594909668, 0.36326733231544495, 0.14799781143665314, 0.0, 0.14799781143665314, 0.28254127502441406, 0.09418042004108429, 0.0, 0.013454345986247063, 0.09418042004108429, 0.39017602801322937, 0.0, 0.0, 0.7130803465843201, 0.0, 0.4170847237110138, 0.6323542594909668, 0.13454346358776093, 0.618899941444397]], "net_2_q_int": [[21, 0, 6, 0, 22, 0, 63, 0, 19, 0, 0, 0, 53, 14, 13, 0]], "net_2_q_scale": 0.009785357862710953, "net_2_q_zero_point": 0, "net_2": [[0.2054925113916397, 0.0, 0.05871214717626572, 0.0, 0.21527788043022156, 0.0, 0.6164775490760803, 0.0, 0.1859218031167984, 0.0, 0.0, 0.0, 0.518623948097229, 0.13699501752853394, 0.1272096484899521, 0.0]], "net_3_q_int": [[21, 0, 6, 0, 22, 0, 63, 0, 19, 0, 0, 0, 53, 14, 13, 0]], "net_3_q_scale": 0.009785357862710953, "net_3_q_zero_point": 0, "net_3": [[0.2054925113916397, 0.0, 0.05871214717626572, 0.0, 0.21527788043022156, 0.0, 0.6164775490760803, 0.0, 0.1859218031167984, 0.0, 0.0, 0.0, 0.518623948097229, 0.13699501752853394, 0.1272096484899521, 0.0]], "net_4_q_int": [[33, 52]], "net_4_q_scale": 0.0006269074510782957, "net_4_q_zero_point": 52, "net_4": [[-0.011911241337656975, 0.0]], "after_dequant_out_q_int": null, "after_dequant_out_q_scale": null, "after_dequant_out_q_zero_point": null, "after_dequant_out": [[-0.011911241337656975, 0.0]], "final": [[-0.04764271154999733, 0.0]], "baseline_cog": [2.8454317897371713, 4.555694618272841]}