{"after_quant_in_q_int": [[106, 53, 64, 106, 53, 42, 66, 53, 0, 66, 53, 21, 29, 106, 42, 28, 106, 21, 4, 0, 42, 0, 0, 21, 25, 17]], "after_quant_in_q_scale": 0.009448050521314144, "after_quant_in_q_zero_point": 0, "after_quant_in": [[1.0014933347702026, 0.5007466673851013, 0.6046752333641052, 1.0014933347702026, 0.5007466673851013, 0.3968181312084198, 0.6235713362693787, 0.5007466673851013, 0.0, 0.6235713362693787, 0.5007466673851013, 0.1984090656042099, 0.27399346232414246, 1.0014933347702026, 0.3968181312084198, 0.26454541087150574, 1.0014933347702026, 0.1984090656042099, 0.03779220208525658, 0.0, 0.3968181312084198, 0.0, 0.0, 0.1984090656042099, 0.23620125651359558, 0.16061685979366302]], "net_0_q_int": [[12, 7, 0, 15, 0, 0, 0, 16, 0, 0, 2, 0, 26, 42, 68, 10, 0, 0, 10, 15, 0, 0, 14, 28, 0, 0, 65, 0, 51, 74, 2, 36]], "net_0_q_scale": 0.013454345986247063, "net_0_q_zero_point": 0, "net_0": [[0.16145214438438416, 0.09418042004108429, 0.0, 0.2018151879310608, 0.0, 0.0, 0.0, 0.215269535779953, 0.0, 0.0, 0.026908691972494125, 0.0, 0.34981298446655273, 0.5650825500488281, 0.9148955345153809, 0.13454346358776093, 0.0, 0.0, 0.13454346358776093, 0.2018151879310608, 0.0, 0.0, 0.18836084008216858, 0.37672168016433716, 0.0, 0.0, 0.8745324611663818, 0.0, 0.6861716508865356, 0.9956216216087341, 0.026908691972494125, 0.48435646295547485]], "net_1_q_int": [[12, 7, 0, 15, 0, 0, 0, 16, 0, 0, 2, 0, 26, 42, 68, 10, 0, 0, 10, 15, 0, 0, 14, 28, 0, 0, 65, 0, 51, 74, 2, 36]], "net_1_q_scale": 0.013454345986247063, "net_1_q_zero_point": 0, "net_1": [[0.16145214438438416, 0.09418042004108429, 0.0, 0.2018151879310608, 0.0, 0.0, 0.0, 0.215269535779953, 0.0, 0.0, 0.026908691972494125, 0.0, 0.34981298446655273, 0.5650825500488281, 0.9148955345153809, 0.13454346358776093, 0.0, 0.0, 0.13454346358776093, 0.2018151879310608, 0.0, 0.0, 0.18836084008216858, 0.37672168016433716, 0.0, 0.0, 0.8745324611663818, 0.0, 0.6861716508865356, 0.9956216216087341, 0.026908691972494125, 0.48435646295547485]], "net_2_q_int": [[25, 0, 0, 0, 12, 0, 70, 0, 14, 0, 0, 0, 67, 0, 6, 0]], "net_2_q_scale": 0.009785357862710953, "net_2_q_zero_point": 0, "net_2": [[0.24463394284248352, 0.0, 0.0, 0.0, 0.11742429435253143, 0.0, 0.6849750280380249, 0.0, 0.13699501752853394, 0.0, 0.0, 0.0, 0.6556189656257629, 0.0, 0.05871214717626572, 0.0]], "net_3_q_int": [[25, 0, 0, 0, 12, 0, 70, 0, 14, 0, 0, 0, 67, 0, 6, 0]], "net_3_q_scale": 0.009785357862710953, "net_3_q_zero_point": 0, "net_3": [[0.24463394284248352, 0.0, 0.0, 0.0, 0.11742429435253143, 0.0, 0.6849750280380249, 0.0, 0.13699501752853394, 0.0, 0.0, 0.0, 0.6556189656257629, 0.0, 0.05871214717626572, 0.0]], "net_4_q_int": [[3, 52]], "net_4_q_scale": 0.0006269074510782957, "net_4_q_zero_point": 52, "net_4": [[-0.03071846440434456, 0.0]], "after_dequant_out_q_int": null, "after_dequant_out_q_scale": null, "after_dequant_out_q_zero_point": null, "after_dequant_out": [[-0.03071846440434456, 0.0]], "final": [[-0.12283522635698318, 0.0]], "baseline_cog": [3.0176077717061323, 5.034608378870674]}