{"after_quant_in":[[1.0014933347702026,0.50074666738510132,0.60467523336410522,1.0014933347702026,0.50074666738510132,0.3968181312084198,0.73694795370101929,0.50074666738510132,0,0.73694795370101929,0.50074666738510132,0.1984090656042099,0.55743497610092163,0,0.3968181312084198,0.53853887319564819,0,0.1984090656042099,0.056688301265239716,1.0014933347702026,0.3968181312084198,0,1.0014933347702026,0.1984090656042099,0.23620125651359558,0.160616859793663]],"after_quant_in_q_int":[[106,53,64,106,53,42,78,53,0,78,53,21,59,0,42,57,0,21,6,106,42,0,106,21,25,17]],"net_0":[[0.053817383944988251,0,0,0.565082550048828,0,0,0,0.430539071559906,0,0,0,0,0,0.34981298446655273,0.96871292591094971,0,0,0,0.33635863661766052,0.026908691972494125,0,0.37672168016433716,0.067271731793880463,0.37672168016433716,0,0,0.59199124574661255,0,0.25563257932662964,1.0763477087020874,0.22872388362884521,0.34981298446655273]],"net_1":[[0.053817383944988251,0,0,0.565082550048828,0,0,0,0.430539071559906,0,0,0,0,0,0.34981298446655273,0.96871292591094971,0,0,0,0.33635863661766052,0.026908691972494125,0,0.37672168016433716,0.067271731793880463,0.37672168016433716,0,0,0.59199124574661255,0,0.25563257932662964,1.0763477087020874,0.22872388362884521,0.34981298446655273]],"net_0_q_int":[[4,0,0,42,0,0,0,32,0,0,0,0,0,26,72,0,0,0,25,2,0,28,5,28,0,0,44,0,19,80,17,26]],"net_2":[[0.058712147176265717,0.048926789313554764,0,0,0.0097853578627109528,0,0.626262903213501,0,0.14678037166595459,0,0,0,0.78282862901687622,0.1859218031167984,0.22506323456764221,0]],"net_3":[[0.058712147176265717,0.048926789313554764,0,0,0.0097853578627109528,0,0.626262903213501,0,0.14678037166595459,0,0,0,0.78282862901687622,0.1859218031167984,0.22506323456764221,0]],"net_2_q_int":[[6,5,0,0,1,0,64,0,15,0,0,0,80,19,23,0]],"net_4":[[-0.026330113410949707,0]],"net_4_q_int":[[10,52]],"after_dequant_out":[[-0.026330113410949707,0]],"final":[[-0.10529612004756927,0]],"baseline_cog":[3.0499637126922607,4.9319334030151367]}