{"after_quant_in_q_int": [[106, 53, 64, 105, 53, 42, 92, 106, 85, 92, 106, 64, 4, 106, 42, 0, 106, 21, 0, 0, 0, 0, 0, 0, 19, 14]], "after_quant_in_q_scale": 0.009448050521314144, "after_quant_in_q_zero_point": 0, "after_quant_in": [[1.0014933347702026, 0.5007466673851013, 0.6046752333641052, 0.9920452833175659, 0.5007466673851013, 0.3968181312084198, 0.8692206740379333, 1.0014933347702026, 0.8030843138694763, 0.8692206740379333, 1.0014933347702026, 0.6046752333641052, 0.03779220208525658, 1.0014933347702026, 0.3968181312084198, 0.0, 1.0014933347702026, 0.1984090656042099, 0.0, 0.0, 0.0, 0.0, 0.0, 0.0, 0.17951296269893646, 0.13227270543575287]], "net_0_q_int": [[19, 0, 0, 12, 0, 14, 0, 30, 0, 0, 9, 0, 10, 61, 44, 19, 0, 11, 0, 22, 0, 0, 15, 24, 0, 0, 66, 0, 54, 74, 7, 40]], "net_0_q_scale": 0.013454345986247063, "net_0_q_zero_point": 0, "net_0": [[0.25563257932662964, 0.0, 0.0, 0.16145214438438416, 0.0, 0.18836084008216858, 0.0, 0.4036303758621216, 0.0, 0.0, 0.12108911573886871, 0.0, 0.13454346358776093, 0.8207151293754578, 0.5919912457466125, 0.25563257932662964, 0.0, 0.14799781143665314, 0.0, 0.2959956228733063, 0.0, 0.0, 0.2018151879310608, 0.3229042887687683, 0.0, 0.0, 0.8879868388175964, 0.0, 0.7265346646308899, 0.9956216216087341, 0.09418042004108429, 0.5381738543510437]], "net_1_q_int": [[19, 0, 0, 12, 0, 14, 0, 30, 0, 0, 9, 0, 10, 61, 44, 19, 0, 11, 0, 22, 0, 0, 15, 24, 0, 0, 66, 0, 54, 74, 7, 40]], "net_1_q_scale": 0.013454345986247063, "net_1_q_zero_point": 0, "net_1": [[0.25563257932662964, 0.0, 0.0, 0.16145214438438416, 0.0, 0.18836084008216858, 0.0, 0.4036303758621216, 0.0, 0.0, 0.12108911573886871, 0.0, 0.13454346358776093, 0.8207151293754578, 0.5919912457466125, 0.25563257932662964, 0.0, 0.14799781143665314, 0.0, 0.2959956228733063, 0.0, 0.0, 0.2018151879310608, 0.3229042887687683, 0.0, 0.0, 0.8879868388175964, 0.0, 0.7265346646308899, 0.9956216216087341, 0.09418042004108429, 0.5381738543510437]], "net_2_q_int": [[38, 0, 5, 0, 18, 0, 75, 0, 14, 0, 0, 0, 72, 0, 12, 0]], "net_2_q_scale": 0.009785357862710953, "net_2_q_zero_point": 0, "net_2": [[0.3718436062335968, 0.0, 0.048926789313554764, 0.0, 0.17613643407821655, 0.0, 0.733901858329773, 0.0, 0.13699501752853394, 0.0, 0.0, 0.0, 0.7045457363128662, 0.0, 0.11742429435253143, 0.0]], "net_3_q_int": [[38, 0, 5, 0, 18, 0, 75, 0, 14, 0, 0, 0, 72, 0, 12, 0]], "net_3_q_scale": 0.009785357862710953, "net_3_q_zero_point": 0, "net_3": [[0.3718436062335968, 0.0, 0.048926789313554764, 0.0, 0.17613643407821655, 0.0, 0.733901858329773, 0.0, 0.13699501752853394, 0.0, 0.0, 0.0, 0.7045457363128662, 0.0, 0.11742429435253143, 0.0]], "net_4_q_int": [[90, 52]], "net_4_q_scale": 0.0006269074510782957, "net_4_q_zero_point": 52, "net_4": [[0.02382248267531395, 0.0]], "after_dequant_out_q_int": null, "after_dequant_out_q_scale": null, "after_dequant_out_q_zero_point": null, "after_dequant_out": [[0.02382248267531395, 0.0]], "final": [[0.09527190774679184, 0.0]], "baseline_cog": [2.8502449265220435, 4.4632610216934925]}