{"after_quant_in":[[0.995621621608734,0.497810810804367,0.60544556379318237,0.995621621608734,0.497810810804367,0.40363037586212158,0.955258548259735,0.995621621608734,0.79380643367767334,0.955258548259735,0.995621621608734,0.60544556379318237,0.6323542594909668,0.995621621608734,0.40363037586212158,0.618899941444397,0.995621621608734,0.20181518793106079,0,0,0,0,0,0.20181518793106079,0.17490649223327637,0.13454346358776093]],"net_0":[[0.22872388362884521,-0.430539071559906,-0.18836084008216858,0.29599562287330627,0,0.24217823147773743,-0.30944997072219849,0.41708472371101379,-0.25563257932662964,-0.18836084008216858,0,-0.25563257932662964,0.20181518793106079,0.807260751724243,0.874532461166382,0.0941804200410843,-0.080726072192192078,0.13454346358776093,-0.026908691972494125,0.33635863661766052,-0.067271731793880463,-0.026908691972494125,0.282541275024414,0.363267332315445,-0.22872388362884521,-0.39017602801322937,0.94180423021316528,0,0.618899941444397,0.995621621608734,0.080726072192192078,0.524719476699829]],"net_1":[[0.22872388362884521,-0.430539071559906,-0.18836084008216858,0.29599562287330627,0,0.24217823147773743,-0.30944997072219849,0.41708472371101379,-0.25563257932662964,-0.18836084008216858,0,-0.25563257932662964,0.20181518793106079,0.807260751724243,0.874532461166382,0.0941804200410843,-0.080726072192192078,0.13454346358776093,-0.026908691972494125,0.33635863661766052,-0.067271731793880463,-0.026908691972494125,0.282541275024414,0.363267332315445,-0.22872388362884521,-0.39017602801322937,0.94180423021316528,0,0.618899941444397,0.995621621608734,0.080726072192192078,0.524719476699829]],"net_2":[[0.34248751401901245,-0.039141431450843811,0.039141431450843811,-0.21527788043022156,0.1859218031167984,-0.21527788043022156,0.78282862901687622,-0.28377538919448853,0.24463394284248352,-0.21527788043022156,-0.29356074333190918,-0.1859218031167984,0.7436872124671936,-0.068497508764266968,0.17613643407821655,-0.22506323456764221]],"net_3":[[0.34248751401901245,-0.039141431450843811,0.039141431450843811,-0.21527788043022156,0.1859218031167984,-0.21527788043022156,0.78282862901687622,-0.28377538919448853,0.24463394284248352,-0.21527788043022156,-0.29356074333190918,-0.1859218031167984,0.7436872124671936,-0.068497508764266968,0.17613643407821655,-0.22506323456764221]],"net_4":[[0.047018058598041534,0]],"after_dequant_out":[[0.047018058598041534,0]],"final":[[0.18793375790119171,0]]}