{"after_quant_in":[[1.0014933347702026,0.50074666738510132,0.60467523336410522,1.0014933347702026,0.50074666738510132,0.80308431386947632,1.0014933347702026,0,0.60467523336410522,0.9825972318649292,0,0.3968181312084198,0.018896101042628288,0.50074666738510132,0.3968181312084198,0,0.50074666738510132,0.1984090656042099,0,0,0,0,0,0,0.17951296269893646,0.160616859793663]],"after_quant_in_q_int":[[106,53,64,106,53,85,106,0,64,104,0,42,2,53,42,0,53,21,0,0,0,0,0,0,19,17]],"net_0":[[0.14799781143665314,0.053817383944988251,0,0.053817383944988251,0,0,0,0.430539071559906,0,0,0.0941804200410843,0,0.282541275024414,0.6323542594909668,0.363267332315445,0.14799781143665314,0,0.14799781143665314,0.282541275024414,0.0941804200410843,0,0.013454345986247063,0.0941804200410843,0.39017602801322937,0,0,0.71308034658432,0,0.41708472371101379,0.6323542594909668,0.13454346358776093,0.618899941444397]],"net_1":[[0.14799781143665314,0.053817383944988251,0,0.053817383944988251,0,0,0,0.430539071559906,0,0,0.0941804200410843,0,0.282541275024414,0.6323542594909668,0.363267332315445,0.14799781143665314,0,0.14799781143665314,0.282541275024414,0.0941804200410843,0,0.013454345986247063,0.0941804200410843,0.39017602801322937,0,0,0.71308034658432,0,0.41708472371101379,0.6323542594909668,0.13454346358776093,0.618899941444397]],"net_0_q_int":[[11,4,0,4,0,0,0,32,0,0,7,0,21,47,27,11,0,11,21,7,0,1,7,29,0,0,53,0,31,47,10,46]],"net_2":[[0.20549251139163971,0,0.058712147176265717,0,0.21527788043022156,0,0.61647754907608032,0,0.1859218031167984,0,0,0,0.518623948097229,0.13699501752853394,0.12720964848995209,0]],"net_3":[[0.20549251139163971,0,0.058712147176265717,0,0.21527788043022156,0,0.61647754907608032,0,0.1859218031167984,0,0,0,0.518623948097229,0.13699501752853394,0.12720964848995209,0]],"net_2_q_int":[[21,0,6,0,22,0,63,0,19,0,0,0,53,14,13,0]],"net_4":[[-0.011911241337656975,0]],"net_4_q_int":[[33,52]],"after_dequant_out":[[-0.011911241337656975,0]],"final":[[-0.047642715275287628,0]],"baseline_cog":[2.8454318046569824,4.555694580078125]}