{"after_quant_in_q_int": [[106, 53, 64, 106, 53, 42, 78, 53, 0, 78, 53, 21, 59, 0, 42, 57, 0, 21, 6, 106, 42, 0, 106, 21, 25, 17]], "after_quant_in_q_scale": 0.009448050521314144, "after_quant_in_q_zero_point": 0, "after_quant_in": [[1.0014933347702026, 0.5007466673851013, 0.6046752333641052, 1.0014933347702026, 0.5007466673851013, 0.3968181312084198, 0.7369479537010193, 0.5007466673851013, 0.0, 0.7369479537010193, 0.5007466673851013, 0.1984090656042099, 0.5574349761009216, 0.0, 0.3968181312084198, 0.5385388731956482, 0.0, 0.1984090656042099, 0.056688301265239716, 1.0014933347702026, 0.3968181312084198, 0.0, 1.0014933347702026, 0.1984090656042099, 0.23620125651359558, 0.16061685979366302]], "net_0_q_int": [[4, 0, 0, 42, 0, 0, 0, 32, 0, 0, 0, 0, 0, 26, 72, 0, 0, 0, 25, 2, 0, 28, 5, 28, 0, 0, 44, 0, 19, 80, 17, 26]], "net_0_q_scale": 0.013454345986247063, "net_0_q_zero_point": 0, "net_0": [[0.05381738394498825, 0.0, 0.0, 0.5650825500488281, 0.0, 0.0, 0.0, 0.430539071559906, 0.0, 0.0, 0.0, 0.0, 0.0, 0.34981298446655273, 0.9687129259109497, 0.0, 0.0, 0.0, 0.3363586366176605, 0.026908691972494125, 0.0, 0.37672168016433716, 0.06727173179388046, 0.37672168016433716, 0.0, 0.0, 0.5919912457466125, 0.0, 0.25563257932662964, 1.0763477087020874, 0.22872388362884521, 0.34981298446655273]], "net_1_q_int": [[4, 0, 0, 42, 0, 0, 0, 32, 0, 0, 0, 0, 0, 26, 72, 0, 0, 0, 25, 2, 0, 28, 5, 28, 0, 0, 44, 0, 19, 80, 17, 26]], "net_1_q_scale": 0.013454345986247063, "net_1_q_zero_point": 0, "net_1": [[0.05381738394498825, 0.0, 0.0, 0.5650825500488281, 0.0, 0.0, 0.0, 0.430539071559906, 0.0, 0.0, 0.0, 0.0, 0.0, 0.34981298446655273, 0.9687129259109497, 0.0, 0.0, 0.0, 0.3363586366176605, 0.026908691972494125, 0.0, 0.37672168016433716, 0.06727173179388046, 0.37672168016433716, 0.0, 0.0, 0.5919912457466125, 0.0, 0.25563257932662964, 1.0763477087020874, 0.22872388362884521, 0.34981298446655273]], "net_2_q_int": [[6, 5, 0, 0, 1, 0, 64, 0, 15, 0, 0, 0, 80, 19, 23, 0]], "net_2_q_scale": 0.009785357862710953, "net_2_q_zero_point": 0, "net_2": [[0.05871214717626572, 0.048926789313554764, 0.0, 0.0, 0.009785357862710953, 0.0, 0.626262903213501, 0.0, 0.1467803716659546, 0.0, 0.0, 0.0, 0.7828286290168762, 0.1859218031167984, 0.2250632345676422, 0.0]], "net_3_q_int": [[6, 5, 0, 0, 1, 0, 64, 0, 15, 0, 0, 0, 80, 19, 23, 0]], "net_3_q_scale": 0.009785357862710953, "net_3_q_zero_point": 0, "net_3": [[0.05871214717626572, 0.048926789313554764, 0.0, 0.0, 0.009785357862710953, 0.0, 0.626262903213501, 0.0, 0.1467803716659546, 0.0, 0.0, 0.0, 0.7828286290168762, 0.1859218031167984, 0.2250632345676422, 0.0]], "net_4_q_int": [[10, 52]], "net_4_q_scale": 0.0006269074510782957, "net_4_q_zero_point": 52, "net_4": [[-0.026330113410949707, 0.0]], "after_dequant_out_q_int": null, "after_dequant_out_q_scale": null, "after_dequant_out_q_zero_point": null, "after_dequant_out": [[-0.026330113410949707, 0.0]], "final": [[-0.10529612004756927, 0.0]], "baseline_cog": [3.049963794351919, 4.93193338160753]}