{"after_quant_in":[[1.0014933347702026,0.50074666738510132,0.60467523336410522,1.0014933347702026,0.50074666738510132,0.3968181312084198,0.85032457113266,0,0.1984090656042099,0.85032457113266,0,0.3968181312084198,0,0.50074666738510132,0,0,0.50074666738510132,0.1984090656042099,0,0,0,0,0,0,0.23620125651359558,0.160616859793663]],"after_quant_in_q_int":[[106,53,64,106,53,42,90,0,21,90,0,42,0,53,0,0,53,21,0,0,0,0,0,0,25,17]],"net_0":[[0.1076347678899765,0.067271731793880463,0,0.067271731793880463,0,0.013454345986247063,0,0.40363037586212158,0,0,0.13454346358776093,0,0.25563257932662964,0.5381738543510437,0.34981298446655273,0.0941804200410843,0,0.080726072192192078,0.39017602801322937,0.053817383944988251,0,0.0941804200410843,0.14799781143665314,0.18836084008216858,0,0,0.618899941444397,0,0.363267332315445,0.73998904228210449,0.14799781143665314,0.51126515865325928]],"net_1":[[0.1076347678899765,0.067271731793880463,0,0.067271731793880463,0,0.013454345986247063,0,0.40363037586212158,0,0,0.13454346358776093,0,0.25563257932662964,0.5381738543510437,0.34981298446655273,0.0941804200410843,0,0.080726072192192078,0.39017602801322937,0.053817383944988251,0,0.0941804200410843,0.14799781143665314,0.18836084008216858,0,0,0.618899941444397,0,0.363267332315445,0.73998904228210449,0.14799781143665314,0.51126515865325928]],"net_0_q_int":[[8,5,0,5,0,1,0,30,0,0,10,0,19,40,26,7,0,6,29,4,0,7,11,14,0,0,46,0,27,55,11,38]],"net_2":[[0.21527788043022156,0,0.029356073588132858,0,0.1663510799407959,0,0.61647754907608032,0,0.19570715725421906,0,0,0,0.46969717741012573,0.17613643407821655,0.12720964848995209,0]],"net_3":[[0.21527788043022156,0,0.029356073588132858,0,0.1663510799407959,0,0.61647754907608032,0,0.19570715725421906,0,0,0,0.46969717741012573,0.17613643407821655,0.12720964848995209,0]],"net_2_q_int":[[22,0,3,0,17,0,63,0,20,0,0,0,48,18,13,0]],"net_4":[[-0.021314853802323341,0]],"net_4_q_int":[[18,52]],"after_dequant_out":[[-0.021314853802323341,0]],"final":[[-0.0852465108036995,0]],"baseline_cog":[2.98162317276001,4.60643196105957]}