{"after_quant_in":[[1.0014933347702026,0.50074666738510132,0.60467523336410522,0.992045283317566,0.50074666738510132,0.3968181312084198,0.28344151377677917,0,0.3968181312084198,0.26454541087150574,0,0.1984090656042099,0.018896101042628288,0.50074666738510132,0,0,0.50074666738510132,0.1984090656042099,0,0,0,0,0,0,0.23620125651359558,0.160616859793663]],"after_quant_in_q_int":[[106,53,64,105,53,42,30,0,42,28,0,21,2,53,0,0,53,21,0,0,0,0,0,0,25,17]],"net_0":[[0.053817383944988251,0.13454346358776093,0,0.0941804200410843,0,0,0,0.430539071559906,0,0,0.215269535779953,0,0.22872388362884521,0.524719476699829,0.41708472371101379,0,0.026908691972494125,0.040363036096096039,0.20181518793106079,0.13454346358776093,0,0,0.14799781143665314,0.24217823147773743,0,0,0.565082550048828,0,0.524719476699829,0.565082550048828,0.12108911573886871,0.39017602801322937]],"net_1":[[0.053817383944988251,0.13454346358776093,0,0.0941804200410843,0,0,0,0.430539071559906,0,0,0.215269535779953,0,0.22872388362884521,0.524719476699829,0.41708472371101379,0,0.026908691972494125,0.040363036096096039,0.20181518793106079,0.13454346358776093,0,0,0.14799781143665314,0.24217823147773743,0,0,0.565082550048828,0,0.524719476699829,0.565082550048828,0.12108911573886871,0.39017602801322937]],"net_0_q_int":[[4,10,0,7,0,0,0,32,0,0,16,0,17,39,31,0,2,3,15,10,0,0,11,18,0,0,42,0,39,42,9,29]],"net_2":[[0.1859218031167984,0.048926789313554764,0.048926789313554764,0,0.21527788043022156,0,0.5577654242515564,0,0.1859218031167984,0,0,0,0.47948253154754639,0.15656572580337524,0.078282862901687622,0]],"net_3":[[0.1859218031167984,0.048926789313554764,0.048926789313554764,0,0.21527788043022156,0,0.5577654242515564,0,0.1859218031167984,0,0,0,0.47948253154754639,0.15656572580337524,0.078282862901687622,0]],"net_2_q_int":[[19,5,5,0,22,0,57,0,19,0,0,0,49,16,8,0]],"net_4":[[-0.023195575922727585,0]],"net_4_q_int":[[15,52]],"after_dequant_out":[[-0.023195575922727585,0]],"final":[[-0.0927656665444374,0]],"baseline_cog":[3.0620524883270264,4.80588722229004]}