{
  "net.0.weight": {
    "scales": [
      0.0014574570814147592,
      0.0016422626795247197,
      0.0014847374986857176,
      0.0015741608804091811,
      1.639840832012851e-07,
      0.0015924755716696382,
      0.0015604390064254403,
      0.0014678817242383957,
      0.0014354306040331721,
      0.0015722491079941392,
      0.00154176726937294,
      0.0012060311855748296,
      0.001527029904536903,
      0.0016022236086428165,
      0.0016775920521467924,
      0.001403691596351564,
      0.0014528401661664248,
      0.0016038618050515652,
      0.0015387070598080754,
      0.0014516469091176987,
      0.0006884700851514935,
      0.0016212125774472952,
      0.0016174335032701492,
      0.0016638715751469135,
      0.0014428963186219335,
      0.001590645289979875,
      0.0015678332420066,
      1.7678549113497866e-07,
      0.001461839652620256,
      0.00167797040194273,
      0.0017621682491153479,
      0.0017276369035243988
    ],
    "zero_points": [
      0,
      0,
      0,
      0,
      0,
      0,
      0,
      0,
      0,
      0,
      0,
      0,
      0,
      0,
      0,
      0,
      0,
      0,
      0,
      0,
      0,
      0,
      0,
      0,
      0,
      0,
      0,
      0,
      0,
      0,
      0,
      0
    ],
    "scheme": "per_channel_affine",
    "axis": 0
  },
  "net.0.activation": {
    "scale": 0.013454345986247063,
    "zero_point": 0
  },
  "net.0.bias": {
    "scales": [
      1.9609131833460023e-05,
      2.209557029062676e-05,
      1.9976172006072688e-05,
      2.117930512304041e-05,
      2.2062985916276146e-09,
      2.1425717315889893e-05,
      2.0994686282883477e-05,
      1.9749388584792277e-05,
      1.9312779985909906e-05,
      2.115358347552147e-05,
      2.074347027241491e-05,
      1.6226360840927495e-05,
      2.0545188666985315e-05,
      2.1556870778013763e-05,
      2.257090389336117e-05,
      1.8885752395301396e-05,
      1.9547014258319752e-05,
      2.1578911639290495e-05,
      2.07022971541388e-05,
      1.9530959765135664e-05,
      9.26291472680917e-06,
      2.181235493423127e-05,
      2.1761509962744258e-05,
      2.2386303848708454e-05,
      1.9413226293021673e-05,
      2.1401092072783528e-05,
      2.1094170886696217e-05,
      2.3785331630786158e-09,
      1.966809646276814e-05,
      2.257599434241954e-05,
      2.3708821309577095e-05,
      2.32442246386258e-05
    ],
    "zero_points": [
      0,
      0,
      0,
      0,
      0,
      0,
      0,
      0,
      0,
      0,
      0,
      0,
      0,
      0,
      0,
      0,
      0,
      0,
      0,
      0,
      0,
      0,
      0,
      0,
      0,
      0,
      0,
      0,
      0,
      0,
      0,
      0
    ]
  },
  "net.2.weight": {
    "scales": [
      0.0017919897800311446,
      0.0015305773122236133,
      0.0014896924840286374,
      0.0014708569506183267,
      0.0010726121254265308,
      0.0011650800006464124,
      0.0015597693854942918,
      0.0011118979891762137,
      0.0015574982389807701,
      0.0014074420323595405,
      0.0014082187553867698,
      0.0014401150401681662,
      0.0016953959129750729,
      0.0016603539697825909,
      0.0014223505277186632,
      0.0014139034319669008
    ],
    "zero_points": [
      0,
      0,
      0,
      0,
      0,
      0,
      0,
      0,
      0,
      0,
      0,
      0,
      0,
      0,
      0,
      0
    ],
    "scheme": "per_channel_affine",
    "axis": 0
  },
  "net.2.activation": {
    "scale": 0.009785357862710953,
    "zero_point": 0
  },
  "net.2.bias": {
    "scales": [
      1.753526128392543e-05,
      1.4977246736654331e-05,
      1.4577174061611037e-05,
      1.4392861626656098e-05,
      1.049589349518161e-05,
      1.1400724745012653e-05,
      1.52629016203624e-05,
      1.0880319730917961e-05,
      1.5240677638968941e-05,
      1.3772323957659312e-05,
      1.377992447044096e-05,
      1.4092041031517864e-05,
      1.6590055727438643e-05,
      1.624715777309542e-05,
      1.3918208919942894e-05,
      1.3835551065111314e-05
    ],
    "zero_points": [
      0,
      0,
      0,
      0,
      0,
      0,
      0,
      0,
      0,
      0,
      0,
      0,
      0,
      0,
      0,
      0
    ]
  },
  "net.4.weight": {
    "scales": [
      0.0016858555609360337,
      7.967812507558847e-07
    ],
    "zero_points": [
      0,
      0
    ],
    "scheme": "per_channel_affine",
    "axis": 0
  },
  "net.4.activation": {
    "scale": 0.0006269074510782957,
    "zero_point": 52
  },
  "net.4.bias": {
    "scales": [
      1.0568754125925793e-06,
      4.99508102978348e-10
    ],
    "zero_points": [
      0,
      0
    ]
  }
}